[{"ID":"Approver1","Name":"Ursula Bleir","Org":"Controlling"},{"ID":"Approver2","Name":"Timmy Tabasco","Org":"Operations"},{"ID":"Approver3","Name":"Jason Blackman","Org":"Controlling"},{"ID":"Approver4","Name":"Andrew McIntosh","Org":"General Management"},{"ID":"Approver5","Name":"Tereza Gomez","Org":"Operations"},{"ID":"Approver6","Name":"Rudolph Hannemeier","Org":"General Management"},{"ID":"Approver7","Name":"Paul Swartzmann","Org":"Operations"},{"ID":"Approver8","Name":"Bruce Belingo","Org":"General Management"},{"ID":"Approver9","Name":"Diana Ross","Org":"Operations"},{"ID":"Approver10","Name":"Paula DiMerton","Org":"General Management"},{"ID":"Approver11","Name":"Cindy Shaeffer","Org":"Controlling"},{"ID":"Approver12","Name":"Martin Shaffhauser","Org":"Operations"},{"ID":"Approver13","Name":"Judy Blario","Org":"Controlling"},{"ID":"Approver14","Name":"Antonio Ruggieri","Org":"General Management"},{"ID":"Approver15","Name":"Boris Brodsky","Org":"Operations"},{"ID":"Approver16","Name":"Katharina Kovaletsky","Org":"General Management"}]