[{"ID":"1","Asunto":"Notas parcial 2","Importancia":"3","mensaje":"Ya están sus notas del parcial 2 con la respectiva retroalimentación. Si llegan a tener algún reclamo, les agradezco me lo envíen debidamente justificado con base en los materiales del curso.","Respuesta":"En espera"},{"ID":"2","Asunto":"Encuesta docente","Importancia":"1","mensaje":"Agradezco al lider de cada grupo del proyecto escoger un solo horario en la pestaña Deliver - Final del siguiente Excel para la presentación final del próximo viernes, la cual será en el horario y salón habitual de clase:","Respuesta":"Al igual que en presentaciones pasadas todos los miembros del grupo deben estar presentes y listos para presentar al menos 10 minutos antes del horario escogido. Por favor escoger un horario que le sirva a todos."},{"ID":"3","Asunto":"Ejercicios Materia","Importancia":"2","mensaje":"Te adjuntamos las preguntas para la monitoria de mañana. Quedamos atentos a cualquier indicación.","Respuesta":"Me gusta, podrían de paso explicar el algoritmo de Bellman-ford, por mi despiste este semestre por mis nuevas obligaciones me salte esa clase. Floyd Warshall si lo explique."}]