[{"ID":"1","Name":"Santiago Pardo","Subject":"Felicitaciones","Price":956,"Currency":"USD","Date":"/Date(1602633600000)/","Importance":1,"Respuesta":"Con este esfuerzo pretendemos seguir consolidando nuestros propósitos institucionales, reflejados en la excelencia académica, en la calidad de nuestros profesores, y en unas instalaciones que cuentan con las condiciones óptimas, no solo para investigar, sino también para cuidar el bienestar de nuestra comunidad. ","Mensaje":"Recuerden que la participación en el workshop que se realizo el Sábado cubrió los últimos dos tópicos de la clase: Transformers y Bert, por lo tanto este Miércoles 23 no hay clase. La obtención del certificado valida los laboratorio de la Semana 14 y 15, por favor enviárselo a nuestro monitor Pablo. Les recomiendo revisar la tercera parte del workshop (deployment), en la cual les prepare un ejemplo paso a paso de como desplegar su proyecto usando \"triton\" optimizado con \"tensorRT\" que la pueden aplicar en su proyecto. "},{"ID":"2","Name":"Juan Carlitos ","Subject":"Daily Semanal","Price":230,"Currency":"USD","Date":"/Date(1602720000000)/","Importance":2,"Respuesta":"La decisión tomada por el Comité Directivo y el equipo de la Rectoría se hará efectiva a partir del 23 de noviembre. Para aquellos estudiantes que ya pagaron, podrán solicitar la devolución del saldo correspondiente o también lo podrán donar al programa de apoyos financieros para estudiantes con dificultades económicas Quiero Estudiar.","Mensaje":"El Miércoles 30 de Noviembre se realizará el segundo examen, tiene la misma estructura del primero y la misma duración. Para prepararse para el examen deben tener claro el funcionamiento e implementación de las arquitecturas profundadas vistas en clase (densas, CNN, LSTM/RNN, GANs, Autoencoders, Transformers) y los contextos de aplicación vistos (reconocimiento/generación de imágenes, clasificación de texto, transferencia del aprendizaje, series de tiempo). Nos aseguraremos que los tiempos de entrenamiento sean razonables usando la GPU de colab (20 min max). "},{"ID":"3","Name":"Sergio Peñuela","Subject":"Corte de pelo","Price":490,"Currency":"USD","Date":"/Date(1602806400000)/","Importance":3,"Respuesta":"En respuesta a la situación actual del país, a las necesidades de nuestra comunidad y a las sugerencias que hace el Gobierno Nacional, y conscientes de que ello requerirá un esfuerzo conjunto de nuestra comunidad, la Universidad de los Andes ha tomado la decisión de ajustar el aumento de la matrícula para el 2023, en concordancia con el Índice de Precios al Consumidor (IPC), lo cual significa un incremento del 12,2%. ","Mensaje":"Documento estilo paper de conferencia del proyecto, con las siguientes secciones: abstract, introducción (problema), mini estado del arte (resumen de paper leídos, mínimo 3), metodología (descripción de todos los pasos para la construcción y evaluación del modelo/dataset), evaluación (reporte de experimentos, descripción de resultados, comparación con otros trabajos), discusión (fueron buenos sus resultados?, pq si/no?, limitaciones de su metodología, amenazas a la validez de los resultados, trabajo futuro), conclusion (resumen de los resultados y discusión).  "},{"ID":"4","Name":"Andresito","Subject":"Disculpas por los retrasos","Price":139,"Currency":"USD","Date":"/Date(1602892800000)/","Importance":1,"Respuesta":"Estoy haciendo el punto 1 del taller 3 que es encontrar todas las soluciones a una ecuación de grado 2. Llegue hasta el punto en el que se sacan los módulos de las dos soluciones de la cuadrática. Una de las soluciones de la cuadrática me da una fracción negativa y al hacer los módulos me salen otras fracciones, pero Valerie en clase explicó una forma de pasarlo a entero solo no entiendo bien ese proceso.","Mensaje":"Código fuente del proyecto (notebooks) con una guía de entrenamiento y posterior ejecución. Si su dataset es muy grande para subirlo a BN, use un repositorio (onedrive, dropbox, drive) y relacione el vinculo correspondiente. Es importante que su notebook este muy bien organizado y correctamente explicado. Se realizará un (1) solo intento de ejecución siguiendo las instrucciones que ustedes relacionen. "},{"ID":"5","Name":"Ontrack","Subject":"Sofware","Price":89.9,"Currency":"USD","Date":"/Date(1602979200000)/","Importance":2,"Respuesta":"No dejes para después las encuestas de cursos del semestre. Tus respuestas son muy importantes para tus profesores y para la Universidad.","Mensaje":"No dejes para después las encuestas de cursos del semestre. Tus respuestas son muy importantes para tus profesores y para la Universidad."},{"ID":"6","Name":"Arturo Henao","Subject":"Contrato","Price":25,"Currency":"USD","Date":"/Date(1603065600000)/","Importance":3,"Respuesta":"Código fuente del proyecto (notebooks) con una guía de entrenamiento y posterior ejecución. Si su dataset es muy grande para subirlo a BN, use un repositorio (onedrive, dropbox, drive) y relacione el vinculo correspondiente. Es importante que su notebook este muy bien organizado y correctamente explicado. Se realizará un (1) solo intento de ejecución siguiendo las instrucciones que ustedes relacionen. ","Mensaje":"Estoy haciendo el punto 1 del taller 3 que es encontrar todas las soluciones a una ecuación de grado 2. Llegue hasta el punto en el que se sacan los módulos de las dos soluciones de la cuadrática. Una de las soluciones de la cuadrática me da una fracción negativa y al hacer los módulos me salen otras fracciones, pero Valerie en clase explicó una forma de pasarlo a entero solo no entiendo bien ese proceso."},{"ID":"7","Name":"Alejandra Hidalgo","Subject":"Googleads","Price":749,"Currency":"USD","Date":"/Date(1603152000000)/","Importance":1,"Respuesta":"Documento estilo paper de conferencia del proyecto, con las siguientes secciones: abstract, introducción (problema), mini estado del arte (resumen de paper leídos, mínimo 3), metodología (descripción de todos los pasos para la construcción y evaluación del modelo/dataset), evaluación (reporte de experimentos, descripción de resultados, comparación con otros trabajos), discusión (fueron buenos sus resultados?, pq si/no?, limitaciones de su metodología, amenazas a la validez de los resultados, trabajo futuro), conclusion (resumen de los resultados y discusión).  ","Mensaje":"En respuesta a la situación actual del país, a las necesidades de nuestra comunidad y a las sugerencias que hace el Gobierno Nacional, y conscientes de que ello requerirá un esfuerzo conjunto de nuestra comunidad, la Universidad de los Andes ha tomado la decisión de ajustar el aumento de la matrícula para el 2023, en concordancia con el Índice de Precios al Consumidor (IPC), lo cual significa un incremento del 12,2%. "},{"ID":"8","Name":"Diego Rodriguez","Subject":"Transporte","Price":599,"Currency":"VEF","Date":"/Date(1603238400000)/","Importance":2,"Respuesta":"El Miércoles 30 de Noviembre se realizará el segundo examen, tiene la misma estructura del primero y la misma duración. Para prepararse para el examen deben tener claro el funcionamiento e implementación de las arquitecturas profundadas vistas en clase (densas, CNN, LSTM/RNN, GANs, Autoencoders, Transformers) y los contextos de aplicación vistos (reconocimiento/generación de imágenes, clasificación de texto, transferencia del aprendizaje, series de tiempo). Nos aseguraremos que los tiempos de entrenamiento sean razonables usando la GPU de colab (20 min max). ","Mensaje":"La decisión tomada por el Comité Directivo y el equipo de la Rectoría se hará efectiva a partir del 23 de noviembre. Para aquellos estudiantes que ya pagaron, podrán solicitar la devolución del saldo correspondiente o también lo podrán donar al programa de apoyos financieros para estudiantes con dificultades económicas Quiero Estudiar."},{"ID":"9","Name":"Kevin Cohen","Subject":"Vivienda","Price":25000,"Currency":"USD","Date":"/Date(1603324800000)/","Importance":3,"Respuesta":"Recuerden que la participación en el workshop que se realizo el Sábado cubrió los últimos dos tópicos de la clase: Transformers y Bert, por lo tanto este Miércoles 23 no hay clase. La obtención del certificado valida los laboratorio de la Semana 14 y 15, por favor enviárselo a nuestro monitor Pablo. Les recomiendo revisar la tercera parte del workshop (deployment), en la cual les prepare un ejemplo paso a paso de como desplegar su proyecto usando \"triton\" optimizado con \"tensorRT\" que la pueden aplicar en su proyecto. ","Mensaje":"Con este esfuerzo pretendemos seguir consolidando nuestros propósitos institucionales, reflejados en la excelencia académica, en la calidad de nuestros profesores, y en unas instalaciones que cuentan con las condiciones óptimas, no solo para investigar, sino también para cuidar el bienestar de nuestra comunidad. "}]