[{"ID":"Info1","Image":"/webapp/localService/assets/Image1.JPG","___FK_d29ff446c6e9e2e10bd77d82":"Req1"},{"ID":"Info2","Image":"/webapp/localService/assets/Image2.JPG","___FK_d29ff446c6e9e2e10bd77d82":"Req2"},{"ID":"Info3","Image":"/webapp/localService/assets/Image3.JPG","___FK_d29ff446c6e9e2e10bd77d82":"Req3"},{"ID":"Info4","Image":"/webapp/localService/assets/Image4.JPG","___FK_d29ff446c6e9e2e10bd77d82":"Req4"},{"ID":"Info5","Image":"/webapp/localService/assets/Image5.JPG","___FK_d29ff446c6e9e2e10bd77d82":"Req5"},{"ID":"Info6","Image":"/webapp/localService/assets/Image6.JPG","___FK_d29ff446c6e9e2e10bd77d82":"Req6"},{"ID":"Info7","Image":"/webapp/localService/assets/Image7.JPG","___FK_d29ff446c6e9e2e10bd77d82":"Req7"},{"ID":"Info8","Image":"/webapp/localService/assets/Image8.JPG","___FK_d29ff446c6e9e2e10bd77d82":"Req8"},{"ID":"Info9","Image":"/webapp/localService/assets/Image1.JPG","___FK_d29ff446c6e9e2e10bd77d82":"Req8"}]