[{"ID":"Sub1","Name":"Matthew Black","Org":"Services - EMEA","Company":"NewCo GmbH","Address":"Siegfriedstraße 194-195 - 10365 Berlin, Germany","Phone":"+39 236 854 1236","Mobile":"+39 236 854 4523","Email":"m.black@newco.com"},{"ID":"Sub2","Name":"Susan Organa","Org":"R&D","Company":"NewCo España","Address":"Calle de Velázquez, 137 - 28006 Madrid, Spain","Phone":"+72 951 365 7529","Mobile":"+72 951 365 4211","Email":"s.organa@newco.com"},{"ID":"Sub3","Name":"Boris Saviuk","Org":"Sales marketing","Company":"NewCo HQ","Address":"1423 Lawrence St - Houston, TX 77008, USA","Phone":"+1 265 423 9654","Mobile":"+1 265 423 1166","Email":"b.saviuk@newco.com"},{"ID":"Sub4","Name":"Michelle Winter","Org":"Sales Marketing","Company":"NewCo HQ","Address":"1423 Lawrence St - Houston, TX 77008, USA","Phone":"+1 265 423 9583","Mobile":"+1 265 423 0102","Email":"m.winter@newco.com"},{"ID":"Sub5","Name":"Ishiro Yasume","Org":"R&D","Company":"NewCo Japan","Address":"151-0051 Tokyo, Shibuya, Sendagaya, 5 Chome−23-6","Phone":"+81 333 530 571","Mobile":"+81 562 324 8899","Email":"ishiro@newco.com"},{"ID":"Sub6","Name":"Margaret Hillington","Org":"Sales marketing","Company":"NewCo Ltd","Address":"19 Theobalds Rd, London WC1X 8SL","Phone":"+44 233 566 8521","Mobile":"+44 121 123 1254","Email":"m.hillington@newco.com"},{"ID":"Sub7","Name":"Matthew Black","Org":"Services - EMEA","Company":"NewCo GmbH","Address":"Siegfriedstraße 194-195 - 10365 Berlin, Germany","Phone":"+39 236 854 1236","Mobile":"+39 236 854 4523","Email":"m.black@newco.com"},{"ID":"Sub8","Name":"Werner Haushbach","Org":"Services - EMEA","Company":"NewCo GmbH","Address":"Siegfriedstraße 194-195 - 10365 Berlin, Germany","Phone":"395,623,214,531","Mobile":"+39 562 444 1230","Email":"w.haushbach@newco.com"}]