[{"ID":"Req1","Description":"Meeting with customer Gargans","Amount":950,"Currency":"EUR","Destination":"London, UK","Dates":"Feb 15, 2016 - Feb 16, 2016","ActivityType":"Billable to Customer","CommentText":"Implementation - Project Orion","CommentDate":"Feb 2, 2016","___FK_c0d5660ecd6d44dc0bd77d82":"Sub1","FullAmount":"","NbCostAssignments":"","Status":"Pending"},{"ID":"Req2","Description":"DKOM Paris","Amount":500,"Currency":"EUR","Destination":"Paris, France","Dates":"Mar 2, 2016 - Mar 4 2016","ActivityType":"Non-Billable to Customer","CommentText":"Partially paid by the Paris team - Only train tickets","CommentDate":"Jan 28, 2016","___FK_c0d5660ecd6d44dc0bd77d82":"Sub2","FullAmount":"","NbCostAssignments":"","Status":"Pending"},{"ID":"Req3","Description":"Team offsite","Amount":1200,"Currency":"USD","Destination":"Palo Alto CA, USA","Dates":"Feb 29, 2016 - Mar 4, 2016","ActivityType":"Non-Billable to Customer","CommentText":"Charging to one cost center","CommentDate":"Feb 17, 2016","___FK_c0d5660ecd6d44dc0bd77d82":"Sub3","FullAmount":"","NbCostAssignments":"","Status":"Pending"},{"ID":"Req4","Description":"China user conference","Amount":2400,"Currency":"USD","Destination":"Beijing, China","Dates":"Feb 24, 2016 - Feb 26, 2016","ActivityType":"Non-Billable to Customer","CommentText":"1 full day conference - Need to arrive the day before and leave the day after.","CommentDate":"Feb 4, 2016","___FK_c0d5660ecd6d44dc0bd77d82":"Sub4","FullAmount":"","NbCostAssignments":"","Status":"Pending"},{"ID":"Req5","Description":"Customer visit","Amount":12000,"Currency":"JPY","Destination":"Osaka, Japan","Dates":"Mar 9, 2016 - March 11 2016","ActivityType":"Billable to Customer","CommentText":"Preparation for project go-live","CommentDate":"Feb 5, 2016","___FK_c0d5660ecd6d44dc0bd77d82":"Sub5","FullAmount":"","NbCostAssignments":"","Status":"Pending"},{"ID":"Req6","Description":"Sales Kick-off meeting","Amount":5000,"Currency":"GBP","Destination":"Road Town, Virgin Islands","Dates":"Mar 25, 2016 - March 30, 2016","ActivityType":"Non-Billable to Customer","CommentText":"Charging to one cost center","CommentDate":"Feb 15, 2016","___FK_c0d5660ecd6d44dc0bd77d82":"Sub6","FullAmount":"","NbCostAssignments":"","Status":"Pending"},{"ID":"Req7","Description":"Customer sales","Amount":500,"Currency":"EUR","Destination":"Munich, Germany","Dates":"Mar 2, 2016 - Mar 2, 2016","ActivityType":"Non-Billable to Customer","CommentText":"Finalize sales cycle","CommentDate":"Feb 1, 2016","___FK_c0d5660ecd6d44dc0bd77d82":"Sub7","FullAmount":"","NbCostAssignments":"","Status":"Pending"},{"ID":"Req8","Description":"Project steering committee","Amount":300,"Currency":"EUR","Destination":"Berlin, Germany","Dates":"Mar 10, 2016 - Mar 10, 2016","ActivityType":"Non-Billable to Customer","CommentText":"Monthly steering committe meeting","CommentDate":"Jan 28, 2016","___FK_c0d5660ecd6d44dc0bd77d82":"Sub8","FullAmount":"","NbCostAssignments":"","Status":"Pending"}]