{"static":{},"combined":{"TravelRequestSet":[{"ID":"Req1"},{"ID":"Req2"},{"ID":"Req3"},{"ID":"Req4"},{"ID":"Req5"},{"ID":"Req6"},{"ID":"Req7"},{"ID":"Req8"}],"SubmitterSet":[{"ID":"Sub1","Name":"Matthew Black","Org":"Services - EMEA","Company":"NewCo GmbH","Address":"Siegfriedstraße 194-195 - 10365 Berlin, Germany","Phone":"+39 236 854 1236","Mobile":"+39 236 854 4523","Email":"m.black@newco.com"},{"ID":"Sub2","Name":"Susan Organa","Org":"R&D","Company":"NewCo España","Address":"Calle de Velázquez, 137 - 28006 Madrid, Spain","Phone":"+72 951 365 7529","Mobile":"+72 951 365 4211","Email":"s.organa@newco.com"},{"ID":"Sub3","Name":"Boris Saviuk","Org":"Sales marketing","Company":"NewCo HQ","Address":"1423 Lawrence St - Houston, TX 77008, USA","Phone":"+1 265 423 9654","Mobile":"+1 265 423 1166","Email":"b.saviuk@newco.com"},{"ID":"Sub4","Name":"Michelle Winter","Org":"Sales Marketing","Company":"NewCo HQ","Address":"1423 Lawrence St - Houston, TX 77008, USA","Phone":"+1 265 423 9583","Mobile":"+1 265 423 0102","Email":"m.winter@newco.com"},{"ID":"Sub5","Name":"Ishiro Yasume","Org":"R&D","Company":"NewCo Japan","Address":"151-0051 Tokyo, Shibuya, Sendagaya, 5 Chome−23-6","Phone":"+81 333 530 571","Mobile":"+81 562 324 8899","Email":"ishiro@newco.com"},{"ID":"Sub6","Name":"Margaret Hillington","Org":"Sales marketing","Company":"NewCo Ltd","Address":"19 Theobalds Rd, London WC1X 8SL","Phone":"+44 233 566 8521","Mobile":"+44 121 123 1254","Email":"m.hillington@newco.com"},{"ID":"Sub7","Name":"Matthew Black","Org":"Services - EMEA","Company":"NewCo GmbH","Address":"Siegfriedstraße 194-195 - 10365 Berlin, Germany","Phone":"+39 236 854 1236","Mobile":"+39 236 854 4523","Email":"m.black@newco.com"},{"ID":"Sub8","Name":"Werner Haushbach","Org":"Services - EMEA","Company":"NewCo GmbH","Address":"Siegfriedstraße 194-195 - 10365 Berlin, Germany","Phone":"395,623,214,531","Mobile":"+39 562 444 1230","Email":"w.haushbach@newco.com"}],"CostAssignmentSet":[{"ID":"Cost1","Desc":"Payroll Admin (2250)","Category":"Cost Center","Share":50,"___FK_a1d03212892b28410bd77d82":"Req1"},{"ID":"Cost2","Desc":"Executive Board (1110)","Category":"Cost Center","Share":50,"___FK_a1d03212892b28410bd77d82":"Req1"},{"ID":"Cost3","Desc":"Project BUILD (120012)","Category":"Internal Order","Share":100,"___FK_a1d03212892b28410bd77d82":"Req2"},{"ID":"Cost4","Desc":"Project BUILD (120012)","Category":"Internal Order","Share":100,"___FK_a1d03212892b28410bd77d82":"Req3"},{"ID":"Cost5","Desc":"000004972","Category":"Sales Order","Share":100,"___FK_a1d03212892b28410bd77d82":"Req4"},{"ID":"Cost6","Desc":"Project Actarus (15248)","Category":"Internal Order","Share":75,"___FK_a1d03212892b28410bd77d82":"Req5"},{"ID":"Cost7","Desc":"Project Orion (45211)","Category":"Internal Order","Share":25,"___FK_a1d03212892b28410bd77d82":"Req5"},{"ID":"Cost8","Desc":"Special Event (425)","Category":"Internal Order","Share":100,"___FK_a1d03212892b28410bd77d82":"Req6"},{"ID":"Cost9","Desc":"Sales EMEA (1221)","Category":"Cost Center","Share":100,"___FK_a1d03212892b28410bd77d82":"Req7"},{"ID":"Cost10","Desc":"Project Athena (1254)","Category":"Internal Order","Share":100,"___FK_a1d03212892b28410bd77d82":"Req8"}],"InfoSet":[{"ID":"Info1","Image":"assets/Image1.JPG","___FK_d29ff446c6e9e2e10bd77d82":"Req1"},{"ID":"Info2","Image":"assets/Image2.JPG","___FK_d29ff446c6e9e2e10bd77d82":"Req2"},{"ID":"Info3","Image":"assets/Image3.JPG","___FK_d29ff446c6e9e2e10bd77d82":"Req3"},{"ID":"Info4","Image":"assets/Image4.JPG","___FK_d29ff446c6e9e2e10bd77d82":"Req4"},{"ID":"Info5","Image":"assets/Image5.JPG","___FK_d29ff446c6e9e2e10bd77d82":"Req5"},{"ID":"Info6","Image":"assets/Image6.JPG","___FK_d29ff446c6e9e2e10bd77d82":"Req6"},{"ID":"Info7","Image":"assets/Image7.JPG","___FK_d29ff446c6e9e2e10bd77d82":"Req7"},{"ID":"Info8","Image":"assets/Image8.JPG","___FK_d29ff446c6e9e2e10bd77d82":"Req8"},{"ID":"Info9","Image":"assets/Image1.JPG","___FK_d29ff446c6e9e2e10bd77d82":"Req8"}],"ApproverSet":[{"ID":"Approver1","Name":"Ursula Bleir","Org":"Controlling"},{"ID":"Approver2","Name":"Timmy Tabasco","Org":"Operations"},{"ID":"Approver3","Name":"Jason Blackman","Org":"Controlling"},{"ID":"Approver4","Name":"Andrew McIntosh","Org":"General Management"},{"ID":"Approver5","Name":"Tereza Gomez","Org":"Operations"},{"ID":"Approver6","Name":"Rudolph Hannemeier","Org":"General Management"},{"ID":"Approver7","Name":"Paul Swartzmann","Org":"Operations"},{"ID":"Approver8","Name":"Bruce Belingo","Org":"General Management"},{"ID":"Approver9","Name":"Diana Ross","Org":"Operations"},{"ID":"Approver10","Name":"Paula DiMerton","Org":"General Management"},{"ID":"Approver11","Name":"Cindy Shaeffer","Org":"Controlling"},{"ID":"Approver12","Name":"Martin Shaffhauser","Org":"Operations"},{"ID":"Approver13","Name":"Judy Blario","Org":"Controlling"},{"ID":"Approver14","Name":"Antonio Ruggieri","Org":"General Management"},{"ID":"Approver15","Name":"Boris Brodsky","Org":"Operations"},{"ID":"Approver16","Name":"Katharina Kovaletsky","Org":"General Management"}],"PastRequestSet":[{"ID":"Hist1","Description":"Meeting","Destination":"Paris, France","Dates":"Dec 12, 2015 - Dec 15, 2015","Amount":400,"Currency":"EUR","Status":"Approved","StatusVal":"Success"},{"ID":"Hist2","Description":"Customer meeting Munich","Destination":"Munich, Germany","Dates":"Dec 20, 2015 - Dec 22 2015","Amount":700,"Currency":"EUR","Status":"Approved","StatusVal":"Success"},{"ID":"Hist3","Description":"Team meeting","Destination":"Barcelona, Spain","Dates":"Dec 10, 2015 - Dec 11, 2015","Amount":250,"Currency":"EUR","Status":"Approved","StatusVal":"Success"},{"ID":"Hist4","Description":"Team meeting","Destination":"Valencia, Spain","Dates":"Nov 12, 2015 - Nov 15, 2015","Amount":450,"Currency":"EUR","Status":"Approved","StatusVal":"Success"},{"ID":"Hist5","Description":"Kickoff meeting","Destination":"Miami, FLA, USA","Dates":"Nov 1, 2015 - Nov 4, 2015","Amount":1000,"Currency":"USD","Status":"Approved","StatusVal":"Success"},{"ID":"Hist6","Description":"Marketing event","Destination":"New York, NY, USA","Dates":"Dec 20, 2015 - Dec 22 2015","Amount":2000,"Currency":"USD","Status":"Rejected","StatusVal":"Error"},{"ID":"Hist7","Description":"User conference","Destination":"Palo Alto, CA, USA","Dates":"Dec 10, 2015 - Dec 11, 2015","Amount":1000,"Currency":"USD","Status":"Approved","StatusVal":"Success"},{"ID":"Hist8","Description":"Meeting","Destination":"Palo Alto, CA, USA","Dates":"Nov 12, 2015 - Nov 15, 2015","Amount":1000,"Currency":"USD","Status":"Approved","StatusVal":"Success"},{"ID":"Hist9","Description":"Kickoff meeting","Destination":"Miami, FLA, USA","Dates":"Nov 12, 2015 - Nov 15, 2015","Amount":500,"Currency":"USD","Status":"Approved","StatusVal":"Success"},{"ID":"Hist10","Description":"User conference","Destination":"Palo Alto, CA, USA","Dates":"Nov 1, 2015 - Nov 4, 2015","Amount":1200,"Currency":"USD","Status":"Rejected","StatusVal":"Error"}],"ProductSet":[{"ID":"1","Name":"Santiago Pardo","Subject":"Felicitaciones","Price":956,"Currency":"USD","Importance":1,"Respuesta":"Con este esfuerzo pretendemos seguir consolidando nuestros propósitos institucionales, reflejados en la excelencia académica, en la calidad de nuestros profesores, y en unas instalaciones que cuentan con las condiciones óptimas, no solo para investigar, sino también para cuidar el bienestar de nuestra comunidad. ","Mensaje":"Recuerden que la participación en el workshop que se realizo el Sábado cubrió los últimos dos tópicos de la clase: Transformers y Bert, por lo tanto este Miércoles 23 no hay clase. La obtención del certificado valida los laboratorio de la Semana 14 y 15, por favor enviárselo a nuestro monitor Pablo. Les recomiendo revisar la tercera parte del workshop (deployment), en la cual les prepare un ejemplo paso a paso de como desplegar su proyecto usando \"triton\" optimizado con \"tensorRT\" que la pueden aplicar en su proyecto. "},{"ID":"2","Name":"Juan Carlitos ","Subject":"Daily Semanal","Price":230,"Currency":"USD","Importance":2,"Respuesta":"La decisión tomada por el Comité Directivo y el equipo de la Rectoría se hará efectiva a partir del 23 de noviembre. Para aquellos estudiantes que ya pagaron, podrán solicitar la devolución del saldo correspondiente o también lo podrán donar al programa de apoyos financieros para estudiantes con dificultades económicas Quiero Estudiar.","Mensaje":"El Miércoles 30 de Noviembre se realizará el segundo examen, tiene la misma estructura del primero y la misma duración. Para prepararse para el examen deben tener claro el funcionamiento e implementación de las arquitecturas profundadas vistas en clase (densas, CNN, LSTM/RNN, GANs, Autoencoders, Transformers) y los contextos de aplicación vistos (reconocimiento/generación de imágenes, clasificación de texto, transferencia del aprendizaje, series de tiempo). Nos aseguraremos que los tiempos de entrenamiento sean razonables usando la GPU de colab (20 min max). "},{"ID":"3","Name":"Sergio Peñuela","Subject":"Corte de pelo","Price":490,"Currency":"USD","Importance":3,"Respuesta":"En respuesta a la situación actual del país, a las necesidades de nuestra comunidad y a las sugerencias que hace el Gobierno Nacional, y conscientes de que ello requerirá un esfuerzo conjunto de nuestra comunidad, la Universidad de los Andes ha tomado la decisión de ajustar el aumento de la matrícula para el 2023, en concordancia con el Índice de Precios al Consumidor (IPC), lo cual significa un incremento del 12,2%. ","Mensaje":"Documento estilo paper de conferencia del proyecto, con las siguientes secciones: abstract, introducción (problema), mini estado del arte (resumen de paper leídos, mínimo 3), metodología (descripción de todos los pasos para la construcción y evaluación del modelo/dataset), evaluación (reporte de experimentos, descripción de resultados, comparación con otros trabajos), discusión (fueron buenos sus resultados?, pq si/no?, limitaciones de su metodología, amenazas a la validez de los resultados, trabajo futuro), conclusion (resumen de los resultados y discusión).  "},{"ID":"4","Name":"Andresito","Subject":"Disculpas por los retrasos","Price":139,"Currency":"USD","Importance":1,"Respuesta":"Estoy haciendo el punto 1 del taller 3 que es encontrar todas las soluciones a una ecuación de grado 2. Llegue hasta el punto en el que se sacan los módulos de las dos soluciones de la cuadrática. Una de las soluciones de la cuadrática me da una fracción negativa y al hacer los módulos me salen otras fracciones, pero Valerie en clase explicó una forma de pasarlo a entero solo no entiendo bien ese proceso.","Mensaje":"Código fuente del proyecto (notebooks) con una guía de entrenamiento y posterior ejecución. Si su dataset es muy grande para subirlo a BN, use un repositorio (onedrive, dropbox, drive) y relacione el vinculo correspondiente. Es importante que su notebook este muy bien organizado y correctamente explicado. Se realizará un (1) solo intento de ejecución siguiendo las instrucciones que ustedes relacionen. "},{"ID":"5","Name":"Ontrack","Subject":"Sofware","Price":89.9,"Currency":"USD","Importance":2,"Respuesta":"No dejes para después las encuestas de cursos del semestre. Tus respuestas son muy importantes para tus profesores y para la Universidad.","Mensaje":"No dejes para después las encuestas de cursos del semestre. Tus respuestas son muy importantes para tus profesores y para la Universidad."},{"ID":"6","Name":"Arturo Henao","Subject":"Contrato","Price":25,"Currency":"USD","Importance":3,"Respuesta":"Código fuente del proyecto (notebooks) con una guía de entrenamiento y posterior ejecución. Si su dataset es muy grande para subirlo a BN, use un repositorio (onedrive, dropbox, drive) y relacione el vinculo correspondiente. Es importante que su notebook este muy bien organizado y correctamente explicado. Se realizará un (1) solo intento de ejecución siguiendo las instrucciones que ustedes relacionen. ","Mensaje":"Estoy haciendo el punto 1 del taller 3 que es encontrar todas las soluciones a una ecuación de grado 2. Llegue hasta el punto en el que se sacan los módulos de las dos soluciones de la cuadrática. Una de las soluciones de la cuadrática me da una fracción negativa y al hacer los módulos me salen otras fracciones, pero Valerie en clase explicó una forma de pasarlo a entero solo no entiendo bien ese proceso."},{"ID":"7","Name":"Alejandra Hidalgo","Subject":"Googleads","Price":749,"Currency":"USD","Importance":1,"Respuesta":"Documento estilo paper de conferencia del proyecto, con las siguientes secciones: abstract, introducción (problema), mini estado del arte (resumen de paper leídos, mínimo 3), metodología (descripción de todos los pasos para la construcción y evaluación del modelo/dataset), evaluación (reporte de experimentos, descripción de resultados, comparación con otros trabajos), discusión (fueron buenos sus resultados?, pq si/no?, limitaciones de su metodología, amenazas a la validez de los resultados, trabajo futuro), conclusion (resumen de los resultados y discusión).  ","Mensaje":"En respuesta a la situación actual del país, a las necesidades de nuestra comunidad y a las sugerencias que hace el Gobierno Nacional, y conscientes de que ello requerirá un esfuerzo conjunto de nuestra comunidad, la Universidad de los Andes ha tomado la decisión de ajustar el aumento de la matrícula para el 2023, en concordancia con el Índice de Precios al Consumidor (IPC), lo cual significa un incremento del 12,2%. "},{"ID":"8","Name":"Diego Rodriguez","Subject":"Transporte","Price":599,"Currency":"VEF","Importance":2,"Respuesta":"El Miércoles 30 de Noviembre se realizará el segundo examen, tiene la misma estructura del primero y la misma duración. Para prepararse para el examen deben tener claro el funcionamiento e implementación de las arquitecturas profundadas vistas en clase (densas, CNN, LSTM/RNN, GANs, Autoencoders, Transformers) y los contextos de aplicación vistos (reconocimiento/generación de imágenes, clasificación de texto, transferencia del aprendizaje, series de tiempo). Nos aseguraremos que los tiempos de entrenamiento sean razonables usando la GPU de colab (20 min max). ","Mensaje":"La decisión tomada por el Comité Directivo y el equipo de la Rectoría se hará efectiva a partir del 23 de noviembre. Para aquellos estudiantes que ya pagaron, podrán solicitar la devolución del saldo correspondiente o también lo podrán donar al programa de apoyos financieros para estudiantes con dificultades económicas Quiero Estudiar."},{"ID":"9","Name":"Kevin Cohen","Subject":"Vivienda","Price":25000,"Currency":"USD","Importance":3,"Respuesta":"Recuerden que la participación en el workshop que se realizo el Sábado cubrió los últimos dos tópicos de la clase: Transformers y Bert, por lo tanto este Miércoles 23 no hay clase. La obtención del certificado valida los laboratorio de la Semana 14 y 15, por favor enviárselo a nuestro monitor Pablo. Les recomiendo revisar la tercera parte del workshop (deployment), en la cual les prepare un ejemplo paso a paso de como desplegar su proyecto usando \"triton\" optimizado con \"tensorRT\" que la pueden aplicar en su proyecto. ","Mensaje":"Con este esfuerzo pretendemos seguir consolidando nuestros propósitos institucionales, reflejados en la excelencia académica, en la calidad de nuestros profesores, y en unas instalaciones que cuentan con las condiciones óptimas, no solo para investigar, sino también para cuidar el bienestar de nuestra comunidad. "}],"OscarSet":[{"ID":"1","Asunto":"Notas parcial 2","Importancia":"3","mensaje":"Ya están sus notas del parcial 2 con la respectiva retroalimentación. Si llegan a tener algún reclamo, les agradezco me lo envíen debidamente justificado con base en los materiales del curso.","Respuesta":"En espera"},{"ID":"2","Asunto":"Encuesta docente","Importancia":"1","mensaje":"Agradezco al lider de cada grupo del proyecto escoger un solo horario en la pestaña Deliver - Final del siguiente Excel para la presentación final del próximo viernes, la cual será en el horario y salón habitual de clase:","Respuesta":"Al igual que en presentaciones pasadas todos los miembros del grupo deben estar presentes y listos para presentar al menos 10 minutos antes del horario escogido. Por favor escoger un horario que le sirva a todos."},{"ID":"3","Asunto":"Ejercicios Materia","Importancia":"2","mensaje":"Te adjuntamos las preguntas para la monitoria de mañana. Quedamos atentos a cualquier indicación.","Respuesta":"Me gusta, podrían de paso explicar el algoritmo de Bellman-ford, por mi despiste este semestre por mis nuevas obligaciones me salte esa clase. Floyd Warshall si lo explique."}]}}